{
  "urls": [
    "ch0.ogg",
    "ch0.m4a"
  ],
  "sprite": {
    "silence": [
      0,
      1000,
      true
    ],
    "BaseSpinExpand": [
      1050,
      473.922902494331
    ],
    "BaseSpinIWPicker": [
      2100,
      1488.6394557823128
    ],
    "BaseSpinIWPickerSelect": [
      4150,
      2772.4716553287985
    ],
    "BaseSpinStopSymbol1": [
      7200.000000000001,
      1266.6666666666674
    ],
    "BaseSpinStopSymbol2": [
      9250.000000000002,
      1196.0317460317463
    ],
    "BaseSpinStopSymbol3": [
      11300.000000000002,
      1550.0000000000007
    ],
    "BaseSpinStopSymbol4": [
      13350.000000000004,
      1550.0000000000007
    ],
    "BaseSpinStopSymbol5": [
      15400.000000000004,
      1214.0362811791388
    ],
    "BaseSpinStopSymbol6": [
      17450.000000000004,
      1545.6689342403643
    ],
    "BaseSpinStopSymbolBonus": [
      19500.000000000004,
      1467.9818594104327
    ],
    "BaseSpinSubSpin": [
      21550.000000000004,
      2574.0136054421755
    ],
    "BonusMathPlaque": [
      24600,
      1766.8707482993184
    ],
    "BonusSpinsDecrease": [
      26650,
      359.9546485260774
    ],
    "BonusSpinsIncrease": [
      27700,
      511.42857142857065
    ],
    "Symbol1Increase": [
      28750,
      597.9365079365095
    ],
    "Symbol2Increase": [
      29800,
      545.6689342403643
    ],
    "Symbol3Increase": [
      30850,
      539.863945578233
    ],
    "Symbol4Increase": [
      31900.000000000004,
      603.7188208616761
    ],
    "Symbol5Increase": [
      32950,
      690.8163265306086
    ],
    "Symbol6Increase": [
      34000,
      748.8888888888923
    ],
    "SymbolBonusIncrease": [
      35050.00000000001,
      1301.7006802721057
    ],
    "Transitions": [
      37100,
      3632.5396825396792
    ],
    "UiBetDown": [
      41150,
      124.98866213152127
    ],
    "UiBetMax": [
      42200,
      533.3333333333314
    ],
    "UiBetUp": [
      43250,
      124.98866213152127
    ],
    "UiBuy": [
      44300.00000000001,
      1646.916099773243
    ],
    "UiClick": [
      46350,
      470.83900226757436
    ],
    "UiSpin": [
      47400.00000000001,
      636.0770975056696
    ],
    "WinTier2": [
      48450,
      2555.6689342403656
    ],
    "WinTier3": [
      51500.00000000001,
      4903.764172335599
    ]
  }
}