{
  "urls": [
    "ch1.ogg",
    "ch1.m4a"
  ],
  "sprite": {
    "silence": [
      0,
      1000,
      true
    ],
    "BaseMusicLoop": [
      1050,
      20788.43537414966
    ],
    "BaseMusicTermLose": [
      22100,
      1786.5306122448992
    ],
    "BaseMusicTermWin": [
      24150.000000000004,
      3458.004535147392
    ],
    "BonusMusicLoop": [
      28200.000000000004,
      28656.712018140588
    ]
  }
}