{
  "urls": [
    "ch2.ogg",
    "ch2.m4a"
  ],
  "sprite": {
    "silence": [
      0,
      1000,
      true
    ],
    "BaseSpinStart": [
      1050,
      3308.321995464853
    ],
    "BaseSpinStop": [
      5100.000000000001,
      997.5963718820866
    ],
    "BonusLaunch": [
      6150.000000000001,
      1679.8866213151928
    ],
    "BonusSpin": [
      8200.000000000002,
      5700.000000000001
    ]
  }
}