{
  "urls": [
    "ch0.ogg",
    "ch0.m4a"
  ],
  "sprite": {
    "silence": [
      0,
      1000,
      true
    ],
    "MusicLoop1": [
      1050,
      29090.907029478458
    ],
    "MusicLoop2": [
      31100,
      29090.92970521542
    ],
    "MusicLoop3": [
      61150.00000000001,
      16000
    ],
    "MusicLoopTermLose": [
      77200,
      2062.3356009070335
    ],
    "MusicLoopTermWin": [
      80250,
      3493.401360544212
    ]
  }
}