{
  "urls": [
    "ch1.ogg",
    "ch1.m4a"
  ],
  "sprite": {
    "silence": [
      0,
      1000,
      true
    ],
    "BonusTransitionAmulet": [
      1050,
      3920.2494331065764
    ],
    "BonusTransitionRune": [
      5100.000000000001,
      2399.523809523809
    ],
    "BonusTriggeredAmulet": [
      8150,
      2733.718820861677
    ],
    "ButtonBetDn": [
      11200,
      1087.5510204081636
    ],
    "ButtonBetMax": [
      13250,
      1933.7641723356
    ],
    "ButtonBetUp": [
      15299.999999999998,
      1029.7959183673465
    ],
    "ButtonBuy": [
      17349.999999999996,
      1025.8049886621307
    ],
    "HelpPageClose": [
      19400,
      954.6258503401361
    ],
    "HelpPageOpen": [
      20450,
      1101.4285714285706
    ]
  }
}