{
  "urls": [
    "ch6.ogg",
    "ch6.m4a"
  ],
  "sprite": {
    "silence": [
      0,
      1000,
      true
    ],
    "BonusAmuletSelect": [
      1050,
      3619.909297052154
    ],
    "BonusRuneSelectAmulet": [
      5100,
      4535.986394557823
    ],
    "BonusRuneSelectPrize": [
      10149.999999999998,
      3345.147392290249
    ],
    "SymbolAmulet": [
      14199.999999999998,
      3546.394557823129
    ],
    "SymbolAmuletQuick": [
      18249.999999999996,
      1056.2811791383203
    ],
    "SymbolRune": [
      20299.999999999993,
      3793.26530612245
    ],
    "SymbolRuneQuick": [
      24349.999999999993,
      941.1564625850347
    ]
  }
}