{
  "urls": [
    "ch9.ogg",
    "ch9.m4a"
  ],
  "sprite": {
    "silence": [
      0,
      1000,
      true
    ],
    "SymbolReveal": [
      1050,
      834.5578231292519
    ],
    "SymbolRevealQuick": [
      2100,
      185.28344671201813
    ],
    "SymbolWinning": [
      3150.0000000000005,
      2443.0385487528347
    ],
    "SymbolWinningQuick": [
      6200.000000000001,
      673.9682539682539
    ]
  }
}