{
  "urls": [
    "ch4.ogg",
    "ch4.m4a"
  ],
  "sprite": {
    "silence": [
      0,
      1000,
      true
    ],
    "BaseSpinStopSymbol1": [
      1050,
      1266.6666666666663
    ],
    "BaseSpinStopSymbol2": [
      3099.9999999999995,
      1196.0317460317463
    ],
    "BaseSpinStopSymbol3": [
      5150,
      1549.9999999999998
    ],
    "BaseSpinStopSymbol4": [
      7200,
      1549.9999999999998
    ],
    "BaseSpinStopSymbol5": [
      9250,
      1214.0362811791388
    ],
    "BaseSpinStopSymbol6": [
      11300,
      1545.6689342403624
    ],
    "BaseSpinStopSymbolBonus": [
      13350,
      1467.9818594104308
    ]
  }
}